{
  "type": "minecraft:chest",
  "pools": [
    {
      "rolls": 1,
      "entries": [
        {
          "type": "minecraft:item",
          "weight": 1,
          "name": "minecraft:diamond_pickaxe",
          "functions": [
            {
              "function": "minecraft:enchant_with_levels",
              "levels": {
                "min": 0,
                "max": 16
              },
              "treasure": true
            }
          ]
        },
        {
          "type": "minecraft:item",
          "weight": 10,
          "name": "minecraft:stone_pickaxe",
          "functions": [
            {
              "function": "minecraft:enchant_with_levels",
              "levels": {
                "min": 20,
                "max": 39
              },
              "treasure": true
            }
          ]
        },
        {
          "type": "minecraft:item",
          "weight": 15,
          "name": "minecraft:iron_pickaxe",
          "functions": [
            {
              "function": "minecraft:enchant_with_levels",
              "levels": {
                "min": 15,
                "max": 20
              },
              "treasure": true
            }
          ]
        },
        {
          "type": "minecraft:item",
          "weight": 5,
          "name": "minecraft:golden_pickaxe",
          "functions": [
            {
              "function": "minecraft:enchant_with_levels",
              "levels": 39,
              "treasure": true
            }
          ]
        }
      ]
    },
    {
      "rolls": 1,
      "entries": [
        {
          "type": "minecraft:empty",
          "weight": 700
        },
        {
          "type": "minecraft:item",
          "weight": 1,
          "name": "minecraft:diamond_pickaxe",
          "functions": [
            {
              "function": "minecraft:set_nbt",
              "tag": "{Enchantments:[{id:\"minecraft:sharpness\",lvl:6s},{id:\"minecraft:looting\",lvl:3s}]}"
            }
          ]
        }
      ]
    },
    {
      "rolls": {
        "min": 0,
        "max": 2
      },
      "entries": [
        {
          "type": "minecraft:item",
          "name": "minecraft:diamond_chestplate",
          "functions": [
            {
              "function": "minecraft:enchant_with_levels",
              "levels": {
                "min": 8,
                "max": 20
              }
            }
          ]
        },
        {
          "type": "minecraft:item",
          "name": "minecraft:diamond_leggings",
          "functions": [
            {
              "function": "minecraft:enchant_with_levels",
              "levels": {
                "min": 8,
                "max": 20
              }
            }
          ]
        },
        {
          "type": "minecraft:item",
          "name": "minecraft:diamond_helmet",
          "functions": [
            {
              "function": "minecraft:enchant_with_levels",
              "levels": {
                "min": 8,
                "max": 20
              }
            }
          ]
        },
        {
          "type": "minecraft:item",
          "name": "minecraft:diamond_boots",
          "functions": [
            {
              "function": "minecraft:enchant_with_levels",
              "levels": {
                "min": 8,
                "max": 20
              }
            }
          ]
        },
        {
          "type": "minecraft:item",
          "name": "minecraft:iron_chestplate",
          "functions": [
            {
              "function": "minecraft:enchant_with_levels",
              "levels": 39
            }
          ]
        },
        {
          "type": "minecraft:item",
          "name": "minecraft:iron_leggings",
          "functions": [
            {
              "function": "minecraft:enchant_with_levels",
              "levels": 39
            }
          ]
        },
        {
          "type": "minecraft:item",
          "name": "minecraft:iron_helmet",
          "functions": [
            {
              "function": "minecraft:enchant_with_levels",
              "levels": 39
            }
          ]
        },
        {
          "type": "minecraft:item",
          "name": "minecraft:iron_boots",
          "functions": [
            {
              "function": "minecraft:enchant_with_levels",
              "levels": 39
            }
          ]
        }
      ]
    },
    {
      "rolls": 1,
      "entries": [
        {
          "type": "minecraft:item",
          "name": "minecraft:brown_mushroom",
          "functions": [
            {
              "function": "minecraft:set_count",
              "count": {
                "min": 1,
                "max": 3
              }
            }
          ]
        },
        {
          "type": "minecraft:item",
          "name": "minecraft:slime_ball",
          "functions": [
            {
              "function": "minecraft:set_count",
              "count": {
                "min": 1,
                "max": 8
              }
            }
          ]
        }
      ]
    },
    {
      "rolls": {
        "min": 1,
        "max": 3
      },
      "entries": [
        {
          "type": "minecraft:item",
          "weight": 10,
          "name": "minecraft:emerald",
          "functions": [
            {
              "function": "minecraft:set_count",
              "count": {
                "min": 1,
                "max": 8
              }
            }
          ]
        },
        {
          "type": "minecraft:item",
          "weight": 20,
          "name": "minecraft:diamond",
          "functions": [
            {
              "function": "minecraft:set_count",
              "count": {
                "min": 6,
                "max": 8
              }
            }
          ]
        },
        {
          "type": "minecraft:item",
          "weight": 15,
          "name": "minecraft:gold_ingot",
          "functions": [
            {
              "function": "minecraft:set_count",
              "count": {
                "min": 4,
                "max": 24
              }
            }
          ]
        },
        {
          "type": "minecraft:item",
          "weight": 5,
          "name": "minecraft:iron_ingot",
          "functions": [
            {
              "function": "minecraft:set_count",
              "count": {
                "min": 16,
                "max": 48
              }
            }
          ]
        }
      ]
    },
    {
      "rolls": 1,
      "entries": [
        {
          "type": "minecraft:loot_table",
          "name": "minecraft:chests/abandoned_mineshaft"
        }
      ]
    }
  ]
}