{
  "name": "dungeons_arise:campsites/merchant_campsite/merchant_campsite_streets",
  "fallback": "minecraft:empty",
  "elements": [
    {
      "weight": 1,
      "element": {
        "location": "dungeons_arise:merchant_campsite/merchant_campsite_street_0",
        "processors": "minecraft:empty",
        "projection": "terrain_matching",
        "element_type": "minecraft:single_pool_element"
      }
    },
    {
      "weight": 1,
      "element": {
        "location": "dungeons_arise:merchant_campsite/merchant_campsite_street_1",
        "processors": "minecraft:empty",
        "projection": "terrain_matching",
        "element_type": "minecraft:single_pool_element"
      }
    },
    {
      "weight": 1,
      "element": {
        "location": "dungeons_arise:merchant_campsite/merchant_campsite_street_2",
        "processors": "minecraft:empty",
        "projection": "terrain_matching",
        "element_type": "minecraft:single_pool_element"
      }
    },
    {
      "weight": 1,
      "element": {
        "location": "dungeons_arise:merchant_campsite/merchant_campsite_street_3",
        "processors": "minecraft:empty",
        "projection": "terrain_matching",
        "element_type": "minecraft:single_pool_element"
      }
    }
  ]
}