{
  "name": "dungeons_arise:fungi/mushroom_village/mushroom_village_streets",
  "fallback": "minecraft:empty",
  "elements": [
    {
      "weight": 1,
      "element": {
        "location": "dungeons_arise:mushroom_village/mushroom_village_coloured_street_0",
        "processors": "minecraft:empty",
        "projection": "terrain_matching",
        "element_type": "minecraft:single_pool_element"
      }
    },
    {
      "weight": 1,
      "element": {
        "location": "dungeons_arise:mushroom_village/mushroom_village_coloured_street_1",
        "processors": "minecraft:empty",
        "projection": "terrain_matching",
        "element_type": "minecraft:single_pool_element"
      }
    },
    {
      "weight": 1,
      "element": {
        "location": "dungeons_arise:mushroom_village/mushroom_village_coloured_street_2",
        "processors": "minecraft:empty",
        "projection": "terrain_matching",
        "element_type": "minecraft:single_pool_element"
      }
    },
    {
      "weight": 4,
      "element": {
        "location": "dungeons_arise:mushroom_village/mushroom_village_coloured_street_3",
        "processors": "minecraft:empty",
        "projection": "terrain_matching",
        "element_type": "minecraft:single_pool_element"
      }
    }
  ]
}