{
  "name": "dungeons_arise:prairie/small_prairie_house/small_prairie_house_start",
  "fallback": "minecraft:empty",
  "elements": [
    {
      "weight": 3,
      "element": {
        "location": "dungeons_arise:small_prairie_house/small_prairie_house_clean_0_floor",
        "processors": "minecraft:empty",
        "projection": "rigid",
        "element_type": "minecraft:single_pool_element"
      }
    },
    {
      "weight": 1,
      "element": {
        "location": "dungeons_arise:small_prairie_house/small_prairie_house_ruins_0_floor",
        "processors": "minecraft:empty",
        "projection": "rigid",
        "element_type": "minecraft:single_pool_element"
      }
    }
  ]
}